id	imageUrl	artist	artistUrl	platform	imageSourceUrl	mediaSource	girlOrBoy
0	https://media.discordapp.net/attachments/1062621565080059964/1062621800305004575/02xNsqO8heu2UvjB.png	Áü≥Áî∞	https://www.pixiv.net/en/users/46831555	pixiv	https://www.pixiv.net/en/artworks/88311543	#N/A	boy
1	https://media.discordapp.net/attachments/1062621565080059964/1062623458837659658/61BUVbitQG4ozuvf.png	Itsuka Eranville	https://www.pixiv.net/en/users/81257165	pixiv	https://www.pixiv.net/en/artworks/104426815	VOCALOID	girl
2	https://cdn.donmai.us/original/3b/3c/__asuna_sinon_asuna_and_sinon_sword_art_online_drawn_by_shikei__3b3cbf44283b2114a824b544e61db843.jpg	„Åó„Åë„Éº	https://www.pixiv.net/en/users/2710689	pixiv	https://www.pixiv.net/en/artworks/103781496	Sword Art Online	girl
3	https://cdn.donmai.us/original/80/82/__sawatari_akane_chainsaw_man_drawn_by_deyo_nicijyou__808227bd94cb41c9d91856f3f9de49d0.jpg	nicijyou_deyo	https://twitter.com/nicijyou_deyo	twitter	https://twitter.com/nicijyou_deyo/status/1581267054505492480	Chainsaw Man	girl
4	https://cdn.donmai.us/original/b8/1c/__power_chainsaw_man_drawn_by_deyo_nicijyou__b81ce79baa5eabb34dffc6e217b364df.jpg	nicijyou_deyo	https://twitter.com/nicijyou_deyo	twitter	https://twitter.com/nicijyou_deyo/status/1583066383868342273	Chainsaw Man	girl
5	https://cdn.donmai.us/original/95/b1/__makima_chainsaw_man_drawn_by_deyo_nicijyou__95b190333718d9a68da7c633c9993669.jpg	nicijyou_deyo	https://twitter.com/nicijyou_deyo	twitter	https://twitter.com/nicijyou_deyo/status/1581978664140345347	Chainsaw Man	girl
6	https://cdn.donmai.us/original/22/30/__reze_chainsaw_man_drawn_by_deyo_nicijyou__2230c9995f9b07223adedbbd8b39d11a.jpg	nicijyou_deyo	https://twitter.com/nicijyou_deyo	twitter	https://twitter.com/nicijyou_deyo/status/1580539713332527106	Chainsaw Man	girl
7	https://cdn.donmai.us/original/69/12/__number_five_the_umbrella_academy_drawn_by_qin_7833198__691255eaac03a363ca571039a58b0872.jpg	TE	https://www.pixiv.net/en/users/8126510	pixiv	https://www.pixiv.net/en/artworks/87128948	The Umbrella Academy	boy
8	https://safebooru.org//images/4066/7cba295d760e6d896f172a13a2821a77.gif	Seseren	https://www.pixiv.net/en/users/16274829	pixiv	https://www.pixiv.net/en/artworks/89580177	Red: Pride of Eden	girl
9	https://cdn.donmai.us/original/e2/0c/__final_fantasy_and_1_more_drawn_by_kou_hiyoyo__e20c5449fcd7ff6171c0d69e1b4fee3a.png	kou_hiyoyo	https://twitter.com/kou_hiyoyo	twitter	https://twitter.com/kou_hiyoyo/status/1612411360679190528	Final Fantasy XIV	girl
A	https://cdn.donmai.us/original/5f/75/__raiden_shogun_scaramouche_and_wanderer_genshin_impact_drawn_by_marutaro__5f75ae809b8453ebee69e4abf3f613c5.jpg	„Åä‰∏∏Â§™ÈÉé	https://www.pixiv.net/en/users/52354518	pixiv	https://www.pixiv.net/artworks/104353965	Genshin Impact	duo
B	https://media.discordapp.net/attachments/1062621565080059964/1062638471262502983/Tr9pB6GeaixyTn26.png	Êû´ÂΩßÂêõ	https://www.pixiv.net/en/users/14357616	pixiv	https://www.pixiv.net/en/artworks/104419795	#N/A	boy
C	https://cdn.donmai.us/original/c3/90/__scaramouche_wanderer_scaramouche_and_scaramouche_genshin_impact_drawn_by_sllgiko__c39057568fb300e8f5fa225799ecaaca.jpg	sllgiko_	https://twitter.com/sllgiko_	twitter	https://twitter.com/sllgiko_/status/1611401658466209793	Genshin Impact	boy
D	https://cdn.donmai.us/original/d0/89/__xiao_genshin_impact_drawn_by_quietlane__d0899ae87878a58e00ccf45b20ce7fc1.jpg	QuiteLane	https://www.pixiv.net/en/users/12683803	pixiv	https://www.pixiv.net/en/artworks/104340860	Genshin Impact	boy
E	https://cdn.donmai.us/original/22/0f/__kagehira_mika_and_itsuki_shu_ensemble_stars_drawn_by_seuga__220f1567a24a0b0f9b412c41b12ac634.png	seuga	https://www.pixiv.net/en/users/1415681	pixiv	https://www.pixiv.net/en/artworks/72211315	Ensemble Stars	boy
F	https://cdn.donmai.us/original/c5/bd/__sakuma_ritsu_and_isara_mao_ensemble_stars_drawn_by_seuga__c5bdb6ab238f98ddc41d1e1bfcd07639.png	seuga	https://www.pixiv.net/en/users/1415681	pixiv	https://www.pixiv.net/en/artworks/72211315	Ensemble Stars	boy
10	https://cdn.donmai.us/original/b3/95/__kazusa_blue_archive_drawn_by_rerein_0530__b395e3f5786a56f3045219991d343ffc.jpg	„Çå„Çå„ÅÑ„Çì	https://www.pixiv.net/en/users/88613133	pixiv	https://www.pixiv.net/en/artworks/103337305	Blue Archive	girl
11	https://cdn.donmai.us/original/38/08/__serika_blue_archive_drawn_by_e_buki__38088cfae50a2fbf1169745a3131ae9a.png	eÊ≠¶Âô®	https://www.pixiv.net/en/users/85167090	pixiv	https://www.pixiv.net/artworks/103540113	Blue Archive	girl
12	https://cdn.donmai.us/original/e4/a8/__alba_ruki_and_ross_sen_yuu_drawn_by_aka_muffler_yamato__e4a8572c95505b23b4eda689c71e381c.png	Ëµ§„Éû„Éï„É©„ÉºÂ§ßÂíå	https://www.pixiv.net/en/users/116749	pixiv	https://www.pixiv.net/en/artworks/96449726	Sen'yuu	duo
13	https://cdn.donmai.us/original/16/e8/__harmonie_arknights_drawn_by_megalateo__16e8c674fda8a613f1fc79ebb376b509.png	„É°„Éº„Ç¨„Éº	https://www.pixiv.net/en/users/4833227	pixiv	https://www.pixiv.net/en/artworks/104346528	Arknights	girl
14	https://cdn.donmai.us/sample/48/3c/__ijichi_nijika_yamada_ryou_hiroi_kikuri_and_ijichi_seika_bocchi_the_rock_drawn_by_vinylllll__sample-483c1c0e7492fd7c72c0af4a32fd367e.jpg	Ë∑®Ë∂äÂçÉÂ§ú	https://vinylllll.lofter.com/	lofter	https://vinylllll.lofter.com/post/1f1a8c2b_2b7caff75	Bocchi the Rock!	girl
15	https://cdn.donmai.us/original/38/15/__scaramouche_and_wanderer_genshin_impact_drawn_by_rtms__3815d871dade995d30e1444927a259c5.jpg	_Rtms__	https://twitter.com/_Rtms__	twitter	https://twitter.com/_Rtms__/status/1611653561880018944	Genshin Impact	boy
16	https://cdn.donmai.us/original/ee/67/__miyafuji_yoshika_and_lynette_bishop_world_witches_series_and_1_more_drawn_by_tricky_46__ee67de68a9e8ac2fecfb5a6709b1549a.jpg	tricky	https://www.pixiv.net/en/users/11316473	pixiv	https://www.pixiv.net/en/artworks/103696752	Strike Witches	girl
17	https://cdn.donmai.us/original/cb/cd/__marius_von_hagen_and_artem_wing_tears_of_themis_drawn_by_melrw22__cbcd23612049699c4e9b058330c5edd7.jpg	melrw22	https://twitter.com/melrw22	twitter	https://twitter.com/melrw22/status/1603814314322059264	Tears of Themis	boy
18	https://cdn.donmai.us/original/1d/a0/__hakurei_reimu_touhou_drawn_by_shinonome_asu__1da019b44e7e512114488b6ce13ea7ab.jpg	x11dF3	https://twitter.com/x11dF3	twitter	https://twitter.com/x11dF3/status/1611671611278491654	Touhou	girl
19	https://cdn.donmai.us/original/e0/11/__hu_tao_and_boo_tao_genshin_impact_drawn_by_congqian_you_ke_xing__e0110f659ffc04ec1a1c20bdfe1df52e.jpg	_‰ªéÂâçÊúâÈ¢óÊòü	https://www.pixiv.net/en/users/18900473	pixiv	https://www.pixiv.net/en/artworks/104321770	Genshin Impact	girl
1A	https://cdn.donmai.us/original/5c/32/__nekomata_okayu_hololive_drawn_by_go_ho_lolikon__5c322a696b11aac8915dc3048835abf3.jpg	go_ho_lolikon	https://twitter.com/go_ho_lolikon	twitter	https://twitter.com/go_ho_lolikon/status/1611647806850363393	Hololive	girl
1B	https://cdn.donmai.us/original/f5/1f/__original_drawn_by_shiraki_shiro__f51f04b5896cdf6a3304a454b3e7802d.jpg	ÁôΩÊú®„Åó„Çç	https://www.pixiv.net/en/users/73211076	pixiv	https://www.pixiv.net/en/artworks/95283925	#N/A	girl
1C	https://cdn.donmai.us/original/96/f0/__original_drawn_by_arukiru__96f0ce289932be215f7a161b15fc1bf0.jpg	Ê®™Â±±„Çπ„Éà„ÉÉ„Éë	https://www.pixiv.net/en/users/735109	pixiv	https://www.pixiv.net/en/artworks/104309496	#N/A	girl
1D	https://cdn.donmai.us/original/11/b0/__itadori_yuuji_and_fushiguro_megumi_jujutsu_kaisen_drawn_by_fushirun_rung__11b025bab99e5a728b4330d58cdfe7a7.jpg	fushirun_rung	https://twitter.com/fushirun_rung	twitter	https://twitter.com/fushirun_rung/status/1602983086568140800	Jujutsu Kaisen	boy
1E	https://cdn.donmai.us/original/51/f1/__gawr_gura_hololive_and_1_more_drawn_by_cine9447__51f17954014449385c7d20945c2da4f3.jpg	Cine9447	https://twitter.com/Cine9447	twitter	https://twitter.com/Cine9447/status/1596337949167079426	Hololive	girl
1F	https://cdn.donmai.us/sample/98/7d/__ike_eveland_mysta_rias_sonny_brisko_and_alban_knox_nijisanji_and_1_more_drawn_by_szainx__sample-987df4ba487168cf903cfaf913b78e72.jpg	szainx	https://twitter.com/szainx	twitter	https://twitter.com/szainx/status/1532046449151983617	Nijisanji	boy
20	https://cdn.donmai.us/sample/3d/19/__cat_girl_chikyuu_no_ura_drawn_by_nattuiuriowari__sample-3d19813749fc0b8666dd4e9b2180f928.jpg	nattuiuriowari	https://twitter.com/nattuiuriowari	twitter	https://twitter.com/nattuiuriowari/status/1597968033460686848	Chikyuu no Ura	girl
21	https://cdn.donmai.us/original/40/ba/__mikeneko_indie_virtual_youtuber_and_1_more_drawn_by_milk_tea_1993__40ba575616acf3f0b278a2d786470922.png	Milk_Tea_1993	https://twitter.com/Milk_Tea_1993	twitter	https://twitter.com/Milk_Tea_1993/status/1596925867665784834	Mikeneko (VTuber)	girl
22	https://cdn.donmai.us/sample/cd/fb/__original_drawn_by_ookami_ciro__sample-cdfbe15f83b00985525e07741cb2b192.jpg	ookami_ciro	https://twitter.com/ookami_ciro	twitter	https://twitter.com/ookami_ciro/status/1609246686991515648	#N/A	boy
23	https://cdn.donmai.us/original/5e/2b/__mikeneko_and_pon_chan_indie_virtual_youtuber_and_1_more_drawn_by_shinyo_yukino__5e2b5c92ec829ac34324e61ad384b6da.jpg	shinyo_yukino	https://twitter.com/shinyo_yukino	twitter	https://twitter.com/shinyo_yukino/status/1610532331139522566	Mikeneko (VTuber)	girl
24	https://cdn.donmai.us/original/7f/be/__mikeneko_and_fandead_indie_virtual_youtuber_and_1_more_drawn_by_milk_tea_1993__7fbe233ce674a12e4d9728dbb85c9d0f.jpg	Milk_Tea_1993	https://twitter.com/Milk_Tea_1993	twitter	https://twitter.com/Milk_Tea_1993/status/1584933711052619776	Mikeneko (VTuber)	girl
25	https://cdn.donmai.us/sample/25/ca/__scaramouche_and_wanderer_genshin_impact_drawn_by_ookami_ciro__sample-25ca16eb8343abfc8fbec84f00ff5c6b.jpg	ookami_ciro	https://twitter.com/ookami_ciro	twitter	https://twitter.com/ookami_ciro/status/1610651617698938880	Genshin Impact	boy
26	https://cdn.donmai.us/original/c7/63/__rem_re_zero_kara_hajimeru_isekai_seikatsu_drawn_by_suashi__c763b0ae7331370195caf466bf7f8167.jpg	sashisuse___	https://twitter.com/sashisuse___	twitter	https://twitter.com/sashisuse___/status/1610605571308421121	Re:Zero kara Hajimeru Isekai Seikatsu	girl
27	https://cdn.donmai.us/original/0e/86/__kuroo_tetsurou_haikyuu_drawn_by_namo__0e863c20d556e088ad2dc1d3aad38129.jpg	„Å™„ÇÇ	https://www.pixiv.net/en/users/1148011	pixiv	https://www.pixiv.net/en/artworks/58161087	Haikyuu!!	boy
28	https://cdn.donmai.us/original/fc/93/__aizawa_kazuha_assault_lily_drawn_by_masaki_itsuki__fc93c52f41b6a558ebb8b433d6f0cc5e.png	„Éû„Çµ„Ç≠Ê®πÔºà„ÅÑ„Å§„ÅçÔºâ	https://www.pixiv.net/en/users/194779	pixiv	https://www.pixiv.net/en/artworks/104243884	Assault Lily	girl
29	https://cdn.donmai.us/original/fd/0e/__nekomata_okayu_hololive_drawn_by_mushoku_loli__fd0e8b72826723ab47aa655249244ec8.jpg	0_shusi_	https://twitter.com/0_shusi_	twitter	https://twitter.com/0_shusi_/status/1513739959207104512	Hololive	girl
2A	https://cdn.donmai.us/sample/cd/21/__avatar_final_fantasy_and_1_more_drawn_by_gaurir__sample-cd210584afcd9f378385fe092dbbbb46.jpg	gaudirill	https://twitter.com/gaudirill	twitter	https://twitter.com/gaudirill/status/1610569350674616321	Final Fantasy XIV	girl
2B	https://cdn.donmai.us/sample/e8/88/__original_drawn_by_anajudraws__sample-e88895f40f6303b5b64a5a94661da5bb.jpg	anajudraws	https://www.pixiv.net/en/users/14024237	pixiv	https://www.pixiv.net/en/artworks/89031471	#N/A	girl
2C	https://cdn.donmai.us/original/24/f1/__ticonderoga_azur_lane_drawn_by_mg42cat_k1ng__24f109fa73daef2a480d58ed0ea75e7f.png	MG42CaT-K1ng	https://www.pixiv.net/en/users/748574	pixiv	https://www.pixiv.net/en/artworks/99256870	Azur Lane	girl
2D	https://cdn.donmai.us/original/a9/a1/__byleth_byleth_and_byleth_fire_emblem_and_1_more_drawn_by_do_m_kaeru__a9a1dafe3ceae545e81eeeee1f724adf.png	makkusuoko	https://twitter.com/makkusuoko	twitter	https://twitter.com/makkusuoko/status/1609127241346318336	Fire Emblem: Three Houses	duo
2E	https://cdn.donmai.us/original/3d/cb/__mizushiro_kumori_indie_virtual_youtuber_drawn_by_una_kamra__3dcb3d7a902ddae4cc2f71dcb7e4f676.png	ÁæΩÊ¢õ	https://www.pixiv.net/en/users/75784339	pixiv	https://www.pixiv.net/en/artworks/103667536	Mizushiro Kumori (VTuber)	girl
2F	https://cdn.donmai.us/sample/8a/6c/__ninomae_ina_nis_vestia_zeta_kobo_kanaeru_and_kaela_kovalskia_hololive_and_2_more_drawn_by_zeng_zwj__sample-8a6c9ae9e7138553d93d846c2c473b79.jpg	ZWJ	https://www.pixiv.net/en/users/15961697	pixiv	https://www.pixiv.net/en/artworks/103724370	Hololive	girl
30	https://media.discordapp.net/attachments/1062621565080059964/1062767567715967036/ybVYpcP6QrJMcsit.png	Nekomi_ch	https://www.pixiv.net/en/users/76274279	pixiv	https://www.pixiv.net/en/artworks/104211725	#N/A	boy
31	https://media.discordapp.net/attachments/1062621565080059964/1062770770230648842/eSDyuvg8mR35PdSW.png	zdrrhnbxg	https://twitter.com/zdrrhnbxg	twitter	https://twitter.com/zdrrhnbxg/status/1567426623099801606	Nijisanji	boy
32	https://media.discordapp.net/attachments/1062621565080059964/1062772545876676778/CcEh0tyjKezs8ruG.png	Ron_kaneshiro	https://twitter.com/Ron_kaneshiro	twitter	https://twitter.com/Ron_kaneshiro/status/1580932784809738243	Nijisanji	boy
33	https://media.discordapp.net/attachments/1062621565080059964/1062773619211649164/AIhwm4XoRVLJcNi1.png	kaco0001	https://twitter.com/kaco0001	twitter	https://twitter.com/kaco0001/status/1592865589290491907	Nijisanji	boy
34	https://i.imgur.com/1steb9r.jpg	LBF2209	https://twitter.com/LBF2209	twitter	https://twitter.com/LBF2209/status/1580276110943997953	Nijisanji	boy
35	https://cdn.donmai.us/sample/78/54/__nachoneko_indie_virtual_youtuber_drawn_by_shinshia_sinsia_0928__sample-785490141ad470611a81c8b1ebeb39a4.jpg	sinsia__0928	https://twitter.com/sinsia__0928	twitter	https://twitter.com/sinsia__0928/status/1604442576060194816	Nachoneko (VTuber)	girl
36	https://cdn.donmai.us/original/64/be/__original_drawn_by_nibiiro_shizuka__64be2e59da5cdf6b4d0ccd9fb95e55f5.jpg	nibiiro_SZK000	https://twitter.com/nibiiro_SZK000	twitter	https://twitter.com/nibiiro_SZK000/status/1610246248908615681	#N/A	girl
37	https://cdn.donmai.us/original/7a/71/__karyl_kokkoro_pecorine_karyl_pecorine_and_1_more_princess_connect_drawn_by_pinch_nesume__7a7151ea9bcfc68a2def3f6afa4c44b3.jpg	pinch_nes	https://twitter.com/pinch_nes	twitter	https://twitter.com/pinch_nes/status/1207677670101786627	Princess Connect!	girl
38	https://cdn.donmai.us/original/74/7e/__original_drawn_by_sankareien__747ec5a8356d15a92fbf21882892cd5e.png	SankaReien	https://www.pixiv.net/en/users/34051640	pixiv	https://www.pixiv.net/en/artworks/83830733	#N/A	girl
39	https://cdn.donmai.us/original/56/d9/__original_drawn_by_kanora__56d994a5c2e253490dcb1086b6c5b1e9.jpg	kanora	https://twitter.com/kanora	twitter	https://twitter.com/kanora/status/1609792512776089604	#N/A	girl
3A	https://cdn.donmai.us/original/24/d2/__saihara_shuuichi_akamatsu_kaede_harukawa_maki_and_momota_kaito_danganronpa_and_1_more_drawn_by_visket53__24d213f1f1c8a25424c3dc620062c4a8.jpg	Èçã	https://www.pixiv.net/en/users/798475	pixiv	https://www.pixiv.net/en/artworks/104112964	Danganronpa V3: Killing Harmony	duo
3B	https://media.discordapp.net/attachments/1062621565080059964/1062778924825858138/ln6AZjxdtH40pdhR.png	ÈπøÈáé	https://www.pixiv.net/en/users/3455877	pixiv	https://www.pixiv.net/en/artworks/85207096	VOCALOID	boy
3C	https://media.discordapp.net/attachments/1062621565080059964/1062779353886380162/Lx49jv7K1P3AtUtI.png	ÈπøÈáé	https://www.pixiv.net/en/users/3455877	pixiv	https://www.pixiv.net/en/artworks/85207012	#N/A	boy
3D	https://media.discordapp.net/attachments/1062621565080059964/1062780090901069824/YVvpByg0zx9AKrF0.png	ÈπøÈáé	https://www.pixiv.net/en/users/3455877	pixiv	https://www.pixiv.net/en/artworks/95326322	#N/A	boy
3E	https://static.zerochan.net/Kagamine.Mirrors.full.74270.jpg	Á¥ÖÈõ™	https://www.pixiv.net/en/users/433137	pixiv	https://www.pixiv.net/en/artworks/6526910	VOCALOID	duo
3F	https://static.zerochan.net/Shinonome.Ena.full.3870585.jpg	Ziha	https://www.pixiv.net/en/users/41207273	pixiv	https://www.pixiv.net/en/artworks/104327571	Project Sekai Colorful Stage! feat. Hatsune Miku	girl
40	https://static.zerochan.net/Luxiem.%28Group%29.full.3868648.png	ÂÖ´ÁôæÊûù„ÄÄË±Ü„ÉéÂä©	https://www.pixiv.net/en/users/26950207	pixiv	https://www.pixiv.net/en/artworks/96776615	Nijisanji	boy
41	https://static.zerochan.net/Holostars.full.3868690.jpg	NoName0_tmvLog	https://twitter.com/NoName0_tmvLog	twitter	https://twitter.com/NoName0_tmvLog/status/1439168222553542656	Hololive	boy
42	https://static.zerochan.net/Genshin.Impact.full.3867485.jpg	ÁêÜÊÉ≥ÂõΩÁöÑÁà±‰∏Ω‰∏ù	https://www.pixiv.net/en/users/6995946	pixiv	https://www.pixiv.net/en/artworks/104224397	Genshin Impact	girl
43	https://static.zerochan.net/Iochi.Mari.full.3867474.png	ÂπªÊ¢¶fanteam	https://www.pixiv.net/en/users/36055573	pixiv	https://www.pixiv.net/en/artworks/102513511	Blue Archive	girl
44	https://static.zerochan.net/Holostars.full.3867676.jpg	momoshiki	https://twitter.com/momoshiki	twitter	https://twitter.com/momoshiki/status/1600826599645286400	Hololive	boy
45	https://static.zerochan.net/Yatogami.Fuma.full.3865739.jpg	sakusya2honda	https://twitter.com/sakusya2honda	twitter	https://twitter.com/sakusya2honda/status/1600850801291046914	Hololive	boy
46	https://static.zerochan.net/Genshin.Impact.full.3865308.jpg	mk_0810_mk	https://twitter.com/mk_0810_mk	twitter	https://twitter.com/mk_0810_mk/status/1559645962465067008	Genshin Impact	boy
47	https://static.zerochan.net/Natsuki.%28Doki.Doki.Literature.Club%21%29.full.3862539.png	„Çè„Åµ„Åâ	https://www.pixiv.net/en/users/16116038	pixiv	https://www.pixiv.net/en/artworks/99739170	Doki Doki Literature Club!	girl
48	https://static.zerochan.net/rioriot0987.full.3862354.jpg	‰∏°	https://www.pixiv.net/en/users/20942776	pixiv	https://www.pixiv.net/en/artworks/104043750	#N/A	girl
49	https://static.zerochan.net/Rosmontis.full.3861178.jpg	È•ºÂπ≤ÂàáÂâ≤Êú∫	https://www.pixiv.net/en/users/5498975	pixiv	https://www.pixiv.net/en/artworks/85639516	Arknights	girl
4A	https://static.zerochan.net/Kanade.Izuru.full.3860619.jpg	tsukkiusa	https://twitter.com/tsukkiusa	twitter	https://twitter.com/tsukkiusa/status/1594686934206402561	Hololive	boy
4B	https://static.zerochan.net/Melantha.full.3316595.jpg	ATEOYH	https://www.pixiv.net/en/users/17029152	pixiv	https://www.pixiv.net/en/artworks/77080077	Arknights	girl
4C	https://cdn.catboys.com/images/image_306.jpg	ÈÅ•Â∑ù ÈÅä	https://www.pixiv.net/en/users/14095082	pixiv	https://www.pixiv.net/en/artworks/98492788	#N/A	boy
4D	https://cdn.catboys.com/images/image_169.jpg	„Åï„ÅÆ„Åã„Çè	https://www.pixiv.net/en/users/7514311	pixiv	https://www.pixiv.net/en/artworks/49495717	Mafumafu (Singer)	boy
4E	https://media.discordapp.net/attachments/1062621565080059964/1062791902170189865/ClRjBXX0guqxYos1.jpg	ÈåÜÂ§ö„ÅØ„Åå„Å≠	https://www.pixiv.net/en/users/30413188	pixiv	https://www.pixiv.net/en/artworks/104316235	#N/A	boy
4F	https://media.discordapp.net/attachments/1062621565080059964/1062792543009521784/cwhvyZT62BQtGvk0.png	Á¢ß‰∫ï„Çã„Åã	https://www.pixiv.net/en/users/28506866	pixiv	https://www.pixiv.net/en/artworks/104071345	#N/A	boy
50	https://media.discordapp.net/attachments/1062621565080059964/1062793110712762388/lMQVYjAD9dCotRQQ.png	„É±„Å™„Åã„ÇÜ„ÅÜ„Åò	https://www.pixiv.net/en/users/13695115	pixiv	https://www.pixiv.net/en/artworks/103989368	Chatora Reo (VTuber)	boy
51	https://media.discordapp.net/attachments/1062621565080059964/1062794294949318798/hZy266wcyh4EQwst.jpg	„ÅÜ„Åç¬≤	https://www.pixiv.net/en/users/45831524	pixiv	https://www.pixiv.net/en/artworks/103810347	#N/A	boy
52	https://media.discordapp.net/attachments/1062621565080059964/1062794606992965673/hMbxq9V3o9JyeNXA.png	‰∏πÁÖß	https://www.pixiv.net/en/users/13953038	pixiv	https://www.pixiv.net/en/artworks/103679785	#N/A	boy
53	https://media.discordapp.net/attachments/1062621565080059964/1062795151904346182/yxZsiaunHHPudP8N.png	„Ç™„Çπ	https://www.pixiv.net/en/users/70686039	pixiv	https://www.pixiv.net/en/artworks/103551760	#N/A	boy
54	https://static.zerochan.net/Diluc.Ragnvindr.full.3164134.jpg	„Åø„Åö	https://www.pixiv.net/en/users/20766	pixiv	https://www.pixiv.net/en/artworks/86466836	Genshin Impact	boy
55	https://static.zerochan.net/Hinata.%28Pixiv53862745%29.full.3855986.png	„Å≤„Å™„Åü	https://www.pixiv.net/en/users/53862745	pixiv	https://www.pixiv.net/en/artworks/103879792	#N/A	girl
56	https://static.zerochan.net/Nekomata.Okayu.full.3854704.png	„Å°„ÇÉ„Çì„Å¨	https://www.pixiv.net/en/users/2756677	pixiv	https://www.pixiv.net/en/artworks/103836250	Hololive	girl
57	https://static.zerochan.net/Hoshimachi.Suisei.full.3825289.jpg	HongBsWs	https://twitter.com/HongBsWs	twitter	https://twitter.com/HongBsWs/status/1595759722669690880	Hololive	girl
58	https://static.zerochan.net/Chat.Noir.%28Ladybug%29.full.3644852.jpg	Naglus	https://www.pixiv.net/en/users/55476585	pixiv	https://www.pixiv.net/en/artworks/98202001	Miraculous Ladybug	boy
59	https://static.zerochan.net/Saegusa.Akina.full.3809989.jpg	mibu820	https://twitter.com/mibu820	twitter	https://twitter.com/mibu820/status/1263683954856521729	Nijisanji	boy
5A	https://static.zerochan.net/Kamisato.Ayaka.full.3851934.jpg	whoing x2	https://www.pixiv.net/en/users/43142991	pixiv	https://www.pixiv.net/en/artworks/103756375	Genshin Impact	girl
5B	https://static.zerochan.net/Gawr.Gura.full.3851690.png	„Éç„Ç≥„Ç∂„É°	https://www.pixiv.net/en/users/51853916	pixiv	https://www.pixiv.net/en/artworks/103751707	Hololive	girl
5C	https://static.zerochan.net/Kuga.Tsukasa.full.3851421.png	ÁéñÁèÇ„Å§„Åã„Åï	https://www.pixiv.net/en/users/21499	pixiv	https://www.pixiv.net/en/artworks/97576737	#N/A	boy
5D	https://static.zerochan.net/Genshin.Impact.full.3851115.png	„ÇÄ„Çä„Çá	https://www.pixiv.net/en/users/1642433	pixiv	https://www.pixiv.net/en/artworks/103742433	Genshin Impact	girl
5E	https://static.zerochan.net/Mio.%28Xenoblade.3%29.full.3850602.jpg	kinagi0920	https://twitter.com/kinagi0920	twitter	https://twitter.com/kinagi0920/status/1598875204951756800	Xenoblade 3	girl
5F	https://static.zerochan.net/Hinata.%28Pixiv53862745%29.full.3850193.png	„Å≤„Å™„Åü	https://www.pixiv.net/en/users/53862745	pixiv	https://www.pixiv.net/en/artworks/102767277	#N/A	girl
60	https://static.zerochan.net/Kyaru.full.3850073.jpg	„Å™„Åä„Åô„Åë	https://www.pixiv.net/en/users/43924270	pixiv	https://www.pixiv.net/en/artworks/103719175	Princess Connect!	girl
61	https://static.zerochan.net/Nekomata.Okayu.full.3850066.jpg	LUZZI	https://www.pixiv.net/en/users/24955808	pixiv	https://www.pixiv.net/en/artworks/103719179	Hololive	girl
62	https://static.zerochan.net/R.E.V.O..full.3849819.jpg	TabrisMinto	https://www.pixiv.net/en/users/8085365	pixiv	https://www.pixiv.net/en/artworks/103707183	Sound Horizon	boy
63	https://static.zerochan.net/Miraculous.Ladybug.full.3848366.jpg	SoundlessWind	https://twitter.com/SoundlessWind	twitter	https://twitter.com/SoundlessWind/status/1550221328732635138	Miraculous Ladybug	duo
64	https://static.zerochan.net/Diabolik.Lovers.~Haunted.dark.bridal~.full.3846156.png	amo.	https://www.pixiv.net/en/users/7460186	pixiv	https://www.pixiv.net/en/artworks/44439933	Diabolik Lovers ~Haunted dark bridal~	boy
65	https://static.zerochan.net/Karutamo.full.3845605.png	„Åã„Çã„Åü„ÇÇ	https://www.pixiv.net/en/users/10600906	pixiv	https://www.pixiv.net/en/artworks/102397103	#N/A	girl
66	https://static.zerochan.net/Genshin.Impact.full.3846520.jpg	moonclover	https://www.pixiv.net/en/users/79540711	pixiv	https://www.pixiv.net/en/artworks/103401670	Genshin Impact	duo
67	https://static.zerochan.net/Chongyun.full.3841134.jpg	„Çâ„Åè	https://www.pixiv.net/en/users/1268051	pixiv	https://www.pixiv.net/en/artworks/90039527	Genshin Impact	boy
68	https://media.discordapp.net/attachments/1062621565080059964/1062811306404626513/e1BUB8O1jdJdZvPU.png	„Çâ„Åè	https://www.pixiv.net/en/users/1268051	pixiv	https://www.pixiv.net/en/artworks/90039527	Genshin Impact	boy
69	https://static.zerochan.net/Nyatasha.Nyanners.full.3840764.jpg	KAGAYA‚àû	https://www.pixiv.net/en/users/41106977	pixiv	https://www.pixiv.net/en/artworks/103451188	VShojo	girl
6A	https://static.zerochan.net/Harmonie.%28Arknights%29.full.3840824.png	Horn/wood	https://www.pixiv.net/en/users/11045087	pixiv	https://www.pixiv.net/en/artworks/97471871	Arknights	girl
6B	https://media.discordapp.net/attachments/1062621565080059964/1062812251528101989/6ba0t4Qj4x5A1xpZ.png	Horn/wood	https://www.pixiv.net/en/users/11045087	pixiv	https://www.pixiv.net/en/artworks/97471871	Arknights	girl
6C	https://static.zerochan.net/Minato.Aqua.full.3841522.jpg	„Ç§„ÉÅ„É™	https://www.pixiv.net/en/users/27207	pixiv	https://www.pixiv.net/en/artworks/103476392	Hololive	girl
6D	https://static.zerochan.net/Azur.Lane.full.3843438.png	„É®„É´„É¢„É≥	https://www.pixiv.net/en/users/17413075	pixiv	https://www.pixiv.net/artworks/100666390	Azur Lane	girl
6E	https://static.zerochan.net/Harmonie.%28Arknights%29.full.3843400.jpg	Songchuanli	https://twitter.com/Songchuanli	twitter	https://www.twitter.com/Songchuanli/status/1601527405168185344	Arknights	girl
6F	https://static.zerochan.net/Boris.Airay.full.3838721.png	„É†„É©„Ç∑„Ç≤	https://www.pixiv.net/en/users/2243433	pixiv	https://www.pixiv.net/en/artworks/49106038	Heart no Kuni no Alice	boy
70	https://static.zerochan.net/Hypnosis.Mic.-Division.Rap.Battle-.full.3782712.jpg	orang_333	https://twitter.com/orang_333	twitter	https://twitter.com/orang_333/status/1496502441906675712	Hypnosis Mic -Division Rap Battle-	boy
71	https://static.zerochan.net/Yamada.Ichirou.%28Hypnosis.Mic%29.full.3782696.jpg	orang_333	https://twitter.com/orang_333	twitter	https://twitter.com/orang_333/status/1519334305218015233	Hypnosis Mic -Division Rap Battle-	boy
72	https://static.zerochan.net/Kanade.Izuru.full.3776993.jpg	momiage_40	https://twitter.com/momiage_40	twitter	https://twitter.com/momiage_40/status/1570791076889530369	Hololive	boy
73	https://static.zerochan.net/Levi.Ackerman.full.3768917.jpg	totemonemuuui	https://twitter.com/totemonemuuui	twitter	https://twitter.com/totemonemuuui/status/1559041503678574592	Attack on Titan	boy
74	https://static.zerochan.net/Holostars.full.3763224.jpg	InkAkane	https://twitter.com/InkAkane	twitter	https://twitter.com/InkAkane/status/1601228893653827584	Hololive	boy
75	https://static.zerochan.net/Kanade.Izuru.full.3767258.jpg	mstarsgasuki	https://twitter.com/mstarsgasuki	twitter	https://twitter.com/mstarsgasuki/status/1557881825753591809	Hololive	boy
76	https://static.zerochan.net/Alban.Knox.full.3755079.jpg	kurakichi36	https://twitter.com/kurakichi36	twitter	https://twitter.com/kurakichi36/status/1546861831620562944	Nijisanji	boy
77	https://media.discordapp.net/attachments/1062621565080059964/1062819395291852811/BouB94SKN6lzCkhK.jpeg	„Å™„Å†„Å°	https://www.pixiv.net/en/users/1616106	pixiv	https://www.pixiv.net/en/artworks/88233080	Hololive	boy
78	https://static.zerochan.net/VOCALOID.full.2393796.jpg	„Å´„ÇèÂ≠ê	https://www.pixiv.net/en/users/1921614	pixiv	https://www.pixiv.net/en/artworks/70771607	VOCALOID	duo
79	https://static.zerochan.net/VOCALOID.full.2505305.png	„Åó„Å™„Åä	https://www.pixiv.net/en/users/1521295	pixiv	https://www.pixiv.net/en/artworks/62725753	VOCALOID	duo
7A	https://static.zerochan.net/Kagamine.Mirrors.full.3098755.png	Áõ¥Â≠ê	https://www.pixiv.net/en/users/33254587	pixiv	https://www.pixiv.net/en/artworks/69923527	VOCALOID	duo
7B	https://static.zerochan.net/Kagamine.Len.full.3217846.jpg	„Åó„ÅÆ„Åü„Çç„ÅÜ	https://www.pixiv.net/en/users/14706140	pixiv	https://www.pixiv.net/en/artworks/82847218	VOCALOID	boy
7C	https://static.zerochan.net/Kagamine.Mirrors.full.3218568.jpg	„Åó„ÅÆ„Åü„Çç„ÅÜ	https://www.pixiv.net/en/users/14706140	pixiv	https://www.pixiv.net/en/artworks/76734096	VOCALOID	duo
7D	https://static.zerochan.net/Kagamine.Mirrors.full.2636683.jpg	„Çå„ÇÇ„Åè„Çä„Çì	https://www.pixiv.net/en/users/4725809	pixiv	https://www.pixiv.net/en/artworks/73771734	VOCALOID	duo
7E	https://static.zerochan.net/Aa.Subarashiki.Nyansei.full.694874.jpg	„ÅÆ„Çì	https://www.pixiv.net/en/users/1432050	pixiv	https://www.pixiv.net/en/artworks/20708521	VOCALOID	duo
7F	https://static.zerochan.net/Kagamine.Mirrors.full.2613341.jpg	ÂêÉÂëÄ	https://www.pixiv.net/en/users/9485113	pixiv	https://www.pixiv.net/en/artworks/72101111	VOCALOID	duo
80	https://static.zerochan.net/Kagamine.Rin.full.3802237.png	„Åî„ÅÜ„ÇÑ„Å†„ÅÑ„Åµ„Åè	https://www.pixiv.net/en/users/34069324	pixiv	https://www.pixiv.net/en/artworks/102393577	VOCALOID	girl
81	https://static.zerochan.net/SeeU.full.3799304.png	Kamille	https://www.pixiv.net/en/users/1032266	pixiv	https://www.pixiv.net/en/artworks/102299487	VOCALOID	girl
82	https://static.zerochan.net/Hatsune.Miku.full.3743659.jpg	Nika‚óã	https://www.pixiv.net/en/users/20209811	pixiv	https://www.pixiv.net/en/artworks/100879642	VOCALOID	girl
83	https://static.zerochan.net/Hatsune.Miku.full.3730879.jpg	„Åà„Å†„Åæ„ÇÅ„Åì	https://www.pixiv.net/en/users/32777629	pixiv	https://www.pixiv.net/en/artworks/94832332	VOCALOID	girl
84	https://static.zerochan.net/Kagamine.Mirrors.full.3702949.png	ÏÑúÌÇ§	https://www.pixiv.net/en/users/5074641	pixiv	https://www.pixiv.net/en/artworks/76060210	VOCALOID	duo
85	https://static.zerochan.net/VOCALOID.full.3697104.jpg	Â§èËë°	https://www.pixiv.net/en/users/45889773	pixiv	https://www.pixiv.net/en/artworks/96073503	VOCALOID	duo
86	https://static.zerochan.net/VOCALOID.full.3692785.jpg	Â§èËë°	https://www.pixiv.net/en/users/45889773	pixiv	https://www.pixiv.net/en/artworks/96073503	VOCALOID	duo
87	https://static.zerochan.net/Yuzuki.Yukari.full.3689293.jpg	„Éü„ÉÑ„Ç≠„Éé„ÉØ	https://www.pixiv.net/en/users/76139547	pixiv	https://www.pixiv.net/en/artworks/99347427	VOCALOID	girl
88	https://static.zerochan.net/VOCALOID.full.3662729.png	Â§èËë°	https://www.pixiv.net/en/users/45889773	pixiv	https://www.pixiv.net/en/artworks/96933166	VOCALOID	boy
89	https://static.zerochan.net/Ike.Eveland.full.3687951.png	„ÇÑ„Åæ„ÇÇ„ÇÇ	https://www.pixiv.net/en/users/1875120	pixiv	https://www.pixiv.net/en/artworks/97841304	Nijisanji	boy
8A	https://static.zerochan.net/Hatsune.Miku.full.3666655.jpg	Êó•ÂêëÈùí	https://www.pixiv.net/en/users/50646281	pixiv	https://www.pixiv.net/en/artworks/98804072	VOCALOID	girl
8B	https://static.zerochan.net/Hatsune.Miku.full.3648689.jpg	„Åï„Çâ„ÅÑ	https://www.pixiv.net/en/users/78760386	pixiv	https://www.pixiv.net/en/artworks/98225771	VOCALOID	girl
8C	https://static.zerochan.net/Hatsune.Miku.full.3645760.jpg	„Å±„ÇÑ88	https://www.pixiv.net/en/users/3882185	pixiv	https://www.pixiv.net/en/artworks/97874394	VOCALOID	girl
8D	https://static.zerochan.net/Mejojo.Von.Garibaldi.full.3873779.png	ÊòüÁå´Âè∂Â§¢	https://www.pixiv.net/en/users/3348355	pixiv	https://www.pixiv.net/en/artworks/71365444	Black Wolves Saga	boy
8E	https://static.zerochan.net/Black.Wolves.Saga.full.3634660.jpg	ÊòüÁå´Âè∂Â§¢	https://www.pixiv.net/en/users/3348355	pixiv	https://www.pixiv.net/en/artworks/97902187	Black Wolves Saga	boy
8F	https://static.zerochan.net/Ruzhai0609%5C.full.3872944.jpg	ÂÑíÂÆÖ	https://www.pixiv.net/en/users/12539859	pixiv	https://www.pixiv.net/en/artworks/99987469	#N/A	girl
90	https://static.zerochan.net/Privaty.full.3872907.jpg	„É¶„Ç≠„ÅØ„Çã	https://www.pixiv.net/en/users/52408530	pixiv	https://www.pixiv.net/en/artworks/104381957	NIKKE: The Goddess Of Victory	girl
91	https://static.zerochan.net/VOCALOID.full.2393818.jpg	„Å´„ÇèÂ≠ê	https://www.pixiv.net/en/users/1921614	pixiv	https://www.pixiv.net/en/artworks/66640719	VOCALOID	duo
92	https://static.zerochan.net/Mafuyu.%28Pixiv5229572%29.full.2391116.png	„Åæ„Åµ„ÇÜ	https://www.pixiv.net/en/users/5229572	pixiv	https://www.pixiv.net/en/artworks/70070638	#N/A	girl
93	https://static.zerochan.net/Orihara.Izaya.full.981233.jpg	„É¶„Éº„Çø	https://www.pixiv.net/en/users/1852346	pixiv	https://www.pixiv.net/en/artworks/31275747	DURARARA!!	boy
94	https://static.zerochan.net/Miqo%27te.full.2484607.png	sansa	https://www.pixiv.net/en/users/20550233	pixiv	https://www.pixiv.net/en/artworks/72903711	Final Fantasy XIV	boy
95	https://static.zerochan.net/Tsushima.Yoshiko.full.2485934.png	Deadnooodles	https://twitter.com/Deadnooodles	twitter	https://twitter.com/Deadnooodles/status/1090583396013637632	Love Live! Sunshine!!	girl
96	https://static.zerochan.net/HK416.%28Girls.Frontline%29.full.2485297.jpg	Ë±ÜËäΩËèú	https://www.pixiv.net/en/users/13779480	pixiv	https://www.pixiv.net/en/artworks/72922759	Girls Frontline	girl
97	https://static.zerochan.net/Sen.%28Granblue.Fantasy%29.full.2486348.png	ÁôΩ„Å®„Çâ	https://www.pixiv.net/en/users/2637137	pixiv	https://www.pixiv.net/en/artworks/72933237	Granblue Fantasy	girl
98	https://static.zerochan.net/Shugao.full.2486721.png	„Åó„ÇÖ„Åå„Åä	https://www.pixiv.net/en/users/612602	pixiv	https://www.pixiv.net/en/artworks/72956660	#N/A	girl
99	https://static.zerochan.net/Prussia.full.312763.jpg	Êï¨	https://www.pixiv.net/en/users/1172653	pixiv	https://www.pixiv.net/en/artworks/13909107	Axis Powers: Hetalia	boy
9A	https://static.zerochan.net/Alice.Margatroid.full.311450.jpg	chocho	https://www.pixiv.net/en/users/316333	pixiv	https://www.pixiv.net/en/artworks/12551572	Touhou	girl
9B	https://static.zerochan.net/South.Italy.full.314035.jpg	„Å≤„Åó	https://www.pixiv.net/en/users/570530	pixiv	https://www.pixiv.net/en/artworks/13929055	Axis Powers: Hetalia	boy
9C	https://static.zerochan.net/Kanzaki.Toru.full.1533859.jpg	„Ç´„Ç§„É™	https://www.pixiv.net/en/users/117622	pixiv	https://www.pixiv.net/en/artworks/36520710	Tokimeki Restaurant	boy
9D	https://static.zerochan.net/MAGI%3A.The.Labyrinth.of.Magic.full.1531609.jpg	ÁêÜÈÉΩ	https://www.pixiv.net/en/users/281262	pixiv	https://www.pixiv.net/en/artworks/31878243	MAGI: The Labyrinth of Magic	duo
9E	https://static.zerochan.net/Uta.no%E2%98%86prince-sama%E2%99%AA.full.1535713.jpg	Â§ßÁøî(„Éí„É≠„Éà)	https://www.pixiv.net/en/users/2299510	pixiv	https://www.pixiv.net/en/artworks/35373965	Uta no‚òÜprince-sama‚ô™	boy
9F	https://static.zerochan.net/Red.%28Pok%C3%A9mon%29.full.1539835.jpg	„Åø„Å£„Åì	https://www.pixiv.net/en/users/2124171	pixiv	https://www.pixiv.net/en/artworks/36879386	Pok√©mon	boy
A0	https://static.zerochan.net/SeeU.full.1531772.jpg	PrimCOCO	https://www.pixiv.net/en/users/7369463	pixiv	https://www.pixiv.net/en/artworks/36651729	VOCALOID	girl
A1	https://cdn.catboys.com/images/image_3.jpg	„ÇÅ„Å∞„Åà	https://www.pixiv.net/en/users/1918398	pixiv	https://www.pixiv.net/en/artworks/23506200	Sekaiichi Hatsukoi	boy
A2	https://neko-love.xyz/v1/neko/neko-love_242.png	Aeng_Dyu	https://www.pixiv.net/en/users/12896541	pixiv	https://www.pixiv.net/en/artworks/67669539	#N/A	girl
A3	https://cdn.catboys.com/images/image_305.jpg	AXESCR	https://www.pixiv.net/en/users/27055964	pixiv	https://www.pixiv.net/en/artworks/95475633	SK‚àû	boy
A4	https://imglf5.lf127.net/img/ce9e4f517e8567d7/NW0vbE1LMmdHUTJEUFhsVjBkclF2S0I3WGJFLzN0R2JMVHRhS0hieWxDOD0.jpg	ironÊµ∑Êøë	https://youlin365.lofter.com/	lofter	https://youlin365.lofter.com/post/1f6ca619_2b78bd889	Genshin Impact	boy
A5	https://static.zerochan.net/Nijisanji.full.3752256.jpg	Akemono	https://www.deviantart.com/akemono	deviantart	https://deviantart.com/view/908111971	Nijisanji	boy
A6	https://imglf6.lf127.net/img/52b265aa993a4b80/NW0vbE1LMmdHUTAzS1Q2THUyWFhwbC9PZlBzeVNXUTlVQ1lENmxXeXBldz0.jpg	ironÊµ∑Êøë	https://youlin365.lofter.com	lofter	https://youlin365.lofter.com/post/1f6ca619_2b697951c	Nijisanji	boy
A7	https://static.zerochan.net/Bilshana.Senki.full.3737312.jpg	tekodeteko	https://twitter.com/tekodeteko	twitter	https://twitter.com/tekodeteko/status/1363841471019851777	Bilshana Senki	duo
A8	https://static.zerochan.net/Sound.Horizon.full.3726912.jpg	3fourpaca	https://twitter.com/3fourpaca	twitter	https://twitter.com/3fourpaca/status/1496137675774242818	Sound Horizon	boy
A9	https://static.zerochan.net/Kenta.Mikoshiba.full.3734057.jpg	sbsb_mksb	https://twitter.com/sbsb_mksb	twitter	https://twitter.com/sbsb_mksb/status/1509910433959841795	Paradox Live	boy
AA	https://static.zerochan.net/Yano.Reiji.full.3674681.jpg	tehhe_zz	https://twitter.com/tehhe_zz	twitter	https://twitter.com/tehhe_zz/status/1463163409722183705	Dance Killer Trick!	boy
AB	https://static.zerochan.net/Camus.%28Utapri%29.full.3693471.jpg	„Ç™„Ç¶„ÇÆ„Ç´„Ç§„É™	https://www.pixiv.net/en/users/925546	pixiv	https://www.pixiv.net/en/artworks/97370416	Uta no‚òÜprince-sama‚ô™	boy
AC	https://static.zerochan.net/Kaeya.Alberich.full.3639076.jpg	aee_gnsn	https://twitter.com/aee_gnsn	twitter	https://twitter.com/aee_gnsn/status/1353707276364697600	Genshin Impact	boy
AD	https://static.zerochan.net/Diluc.Ragnvindr.full.3639059.jpg	aee_gnsn	https://twitter.com/aee_gnsn	twitter	https://twitter.com/aee_gnsn/status/1351606712059392000	Genshin Impact	boy
AE	https://static.zerochan.net/Xiao.%28Genshin.Impact%29.full.3639064.jpg	aee_gnsn	https://twitter.com/aee_gnsn	twitter	https://twitter.com/aee_gnsn/status/1359874635567824900	Genshin Impact	boy
AF	https://static.zerochan.net/Kamisato.Ayato.full.3639069.jpg	aee_gnsn	https://twitter.com/aee_gnsn	twitter	https://twitter.com/aee_gnsn/status/1489790493315588103	Genshin Impact	boy
B0	https://cdn.donmai.us/original/23/8b/__scaramouche_genshin_impact_drawn_by_nakayama_miyuki__238bb1447364e3547a77c3c4550c2171.jpg	okmgmk	https://twitter.com/okmgmk	twitter	https://twitter.com/okmgmk/status/1607643875497365504	Genshin Impact	boy
B1	https://cdn.donmai.us/original/0f/fe/__kaenbyou_rin_touhou_drawn_by_palulap__0ffedf184b93025dec65df6ca2c777a6.jpg	„Å±„Éº„Åï„Çì	https://www.pixiv.net/en/users/70138809	pixiv	https://www.pixiv.net/en/artworks/104069403	Touhou	girl
B2	https://cdn.donmai.us/original/6c/c4/__lysithea_von_ordelia_fire_emblem_and_1_more_drawn_by_do_m_kaeru__6cc4d9cdafd23f6763a2cd3cb07a7ec0.png	makkusuoko	https://twitter.com/makkusuoko	twitter	https://twitter.com/makkusuoko/status/1608391553042767872	Fire Emblem: Three Houses	girl
B3	https://cdn.donmai.us/original/29/42/__dark_serge_chrono_cross_drawn_by_tokio_okt0w0__2942ebab3f1a1d361a70357159972cd9.jpg	yawage	https://twitter.com/yawage	twitter	https://twitter.com/yawage/status/1497141026460672000	Chrono Cross	boy
B4	https://cdn.donmai.us/original/4e/ee/__kageyama_shigeo_reigen_arataka_and_ekubo_mob_psycho_100_drawn_by_mochinue__4eeefb4151d8da02d0f9f635afe292a5.jpg	mochinue	https://twitter.com/mochinue	twitter	https://twitter.com/mochinue/status/1599401847965749249	Mob Psycho 100	boy
B5	https://cdn.donmai.us/original/3a/32/__kamishiro_rui_project_sekai_drawn_by_hk_wgyz7222__3a3257555ee1565d8162c94125dd1094.jpg	HK	https://www.pixiv.net/en/users/52563595	pixiv	https://www.pixiv.net/en/artworks/102902429	Project Sekai Colorful Stage! feat. Hatsune Miku	boy
B6	https://cdn.donmai.us/original/d1/4f/__arch_bishop_and_priest_ragnarok_online_drawn_by_tokio_okt0w0__d14f267ba7eea1b5d603a18acd36dc20.jpg	yawage	https://twitter.com/yawage	twitter	https://twitter.com/yawage/status/1310777282433150976	Ragnarok Online	boy
B7	https://cdn.donmai.us/original/93/d7/__original_and_1_more_drawn_by_minasenagi__93d7f5a2e3c96a8b6ad89ca71a0d171c.jpg	„Åø„Å™„Åõ„Å™„Åé	https://www.pixiv.net/en/users/894387	pixiv	https://www.pixiv.net/en/artworks/104042876	#N/A	girl
B8	https://cdn.donmai.us/original/d5/16/__yoisaki_kanade_project_sekai_drawn_by_hk_wgyz7222__d516c441c96a12035d56a32320bcace2.jpg	HK	https://www.pixiv.net/en/users/52563595	pixiv	https://www.pixiv.net/artworks/103314838	Project Sekai Colorful Stage! feat. Hatsune Miku	girl
B9	https://cdn.donmai.us/original/82/e9/__kamishiro_rui_project_sekai_drawn_by_hk_wgyz7222__82e9f043a8a4c3049728e19ce0761bbe.jpg	HK	https://www.pixiv.net/en/users/52563595	pixiv	https://www.pixiv.net/artworks/102902429	Project Sekai Colorful Stage! feat. Hatsune Miku	boy
BA	https://cdn.donmai.us/original/50/52/__kazusa_and_reisa_blue_archive_drawn_by_reneua__50522deda87154573aba656c96fdbb20.png	Reneua	https://www.pixiv.net/en/users/32419572	pixiv	https://www.pixiv.net/artworks/103898396	Blue Archive	girl
BB	https://cdn.donmai.us/original/0d/20/__original_drawn_by_chita_ketchup__0d201026b84bb340a7a4a6c581b7fafc.jpg	„Å°„Åü	https://www.pixiv.net/en/users/6437284	pixiv	https://www.pixiv.net/en/artworks/104020537	#N/A	girl
BC	https://cdn.donmai.us/original/46/26/__biolo_ragnarok_online_drawn_by_tokio_okt0w0__462651f81142d98898e832ebc0832543.jpg	yawage	https://twitter.com/yawage	twitter	https://twitter.com/yawage/status/1266751134271565824	Ragnarok Online	duo
BD	https://cdn.donmai.us/original/3d/57/__amuro_tooru_meitantei_conan_drawn_by_yuu_guruko__3d57fbbea8018192834343c1256efff9.jpg	ÂÑ™ „Åê„ÇãÂ≠ê	https://www.pixiv.net/en/users/1543447	pixiv	https://www.pixiv.net/artworks/79892640	Case Closed (Detective Conan)	boy
BE	https://cdn.donmai.us/original/56/9f/__scaramouche_and_scaramouche_genshin_impact_drawn_by_to_e__569f68dc9216fde39f6b14d7ffd9e60b.jpg	To___e	https://twitter.com/To___e	twitter	https://twitter.com/To___e/status/1607940495761879040	Genshin Impact	boy
BF	https://cdn.donmai.us/original/d7/4f/__shyrei_faolan_vyugen_drawn_by_polypuff__d74f7a4f410834fd6d94721287846969.jpg	polypuff	https://twitter.com/polypuff	twitter	https://twitter.com/polypuff/status/1518963583282937856	Vyugen	girl
C0	https://cdn.donmai.us/original/55/1d/__shyrei_faolan_and_alheitrakzoth_vyugen_drawn_by_fumochidesu__551dd7507de35720f6cb8bdbffac1c37.jpg	fumochidesu	https://twitter.com/fumochidesu	twitter	https://twitter.com/fumochidesu/status/1566442321448734721	Vyugen	girl
C1	https://cdn.donmai.us/original/48/11/__nanase_eru_varium_drawn_by_ame929__4811588416f04774711f8f9b8ab79936.jpg	Ame„ÇÇ„Å°·µïÃà*üç≠	https://www.pixiv.net/en/users/59688623	pixiv	https://www.pixiv.net/en/artworks/103996831	Varium	girl
C2	https://cdn.donmai.us/original/a9/df/__arch_bishop_ragnarok_online_drawn_by_tokio_okt0w0__a9df2985f80c83a4e0e32ac7a2077301.jpg	yawage	https://twitter.com/yawage	twitter	https://twitter.com/yawage/status/1100662364116901889	Ragnarok Online	boy
C3	https://cdn.donmai.us/original/20/21/__original_drawn_by_alpha_ypalpha79__202149fc32cdc91483ecd866b7e9b88d.png	Yampa	https://www.pixiv.net/en/users/8045536	pixiv	https://www.pixiv.net/en/artworks/103593981	#N/A	boy
C4	https://cdn.donmai.us/original/ec/2d/__original_drawn_by_alpha_ypalpha79__ec2da9f63ff7941be83258d7252cdbe8.png	Yampa	https://www.pixiv.net/en/users/8045536	pixiv	https://www.pixiv.net/en/artworks/103515164	#N/A	girl
C5	https://cdn.donmai.us/original/be/30/__original_drawn_by_shano_hiyori__be3089e1bec03f03f80f25d63aae6d1b.png	Ëå∂‰πÉ„Å≤„Çà„Çä	https://www.pixiv.net/en/users/52644245	pixiv	https://www.pixiv.net/en/artworks/103533171	#N/A	girl
C6	https://cdn.donmai.us/original/10/73/__g_raha_tia_final_fantasy_and_1_more_drawn_by_lege_bushi_shiwu__107383145a6a3930baa20094e90172ef.jpg	‰πêÊ†º‰∏çÊòØÈ£üÁâ©	https://lege772588.lofter.com/	lofter	https://lege772588.lofter.com/post/4c02d89d_2b5a7871b	Final Fantasy XIV	boy
C7	https://cdn.donmai.us/original/cf/c8/__kazusa_blue_archive_drawn_by_rynzfrancis__cfc860aeac142e0499bb948f2ad48683.png	RynzFrancis	https://www.pixiv.net/en/users/28516182	pixiv	https://www.pixiv.net/artworks/101018109	Blue Archive	girl
C8	https://cdn.donmai.us/original/82/12/__nekomata_okayu_and_inugami_korone_hololive_drawn_by_pisuke_wan__8212b80635c19e22f36ec049d6c1ecf4.jpg	pisuke_wan	https://twitter.com/pisuke_wan	twitter	https://twitter.com/pisuke_wan/status/1607431965128679425	Hololive	girl
